week_code,cases,date,year,month,week_of_year,quarter
2012-W01,74,2012-01-02,2012.0,1.0,1,1.0
2012-W02,66,2012-01-09,2012.0,1.0,2,1.0
2012-W03,61,2012-01-16,2012.0,1.0,3,1.0
2012-W04,52,2012-01-23,2012.0,1.0,4,1.0
2012-W05,85,2012-01-30,2012.0,1.0,5,1.0
2012-W06,87,2012-02-06,2012.0,2.0,6,1.0
2012-W07,65,2012-02-13,2012.0,2.0,7,1.0
2012-W08,51,2012-02-20,2012.0,2.0,8,1.0
2012-W09,55,2012-02-27,2012.0,2.0,9,1.0
2012-W10,46,2012-03-05,2012.0,3.0,10,1.0
2012-W11,64,2012-03-12,2012.0,3.0,11,1.0
2012-W12,73,2012-03-19,2012.0,3.0,12,1.0
2012-W13,48,2012-03-26,2012.0,3.0,13,1.0
2012-W14,52,2012-04-02,2012.0,4.0,14,2.0
2012-W15,82,2012-04-09,2012.0,4.0,15,2.0
2012-W16,77,2012-04-16,2012.0,4.0,16,2.0
2012-W17,64,2012-04-23,2012.0,4.0,17,2.0
2012-W18,88,2012-04-30,2012.0,4.0,18,2.0
2012-W19,97,2012-05-07,2012.0,5.0,19,2.0
2012-W20,80,2012-05-14,2012.0,5.0,20,2.0
2012-W21,80,2012-05-21,2012.0,5.0,21,2.0
2012-W22,81,2012-05-28,2012.0,5.0,22,2.0
2012-W23,100,2012-06-04,2012.0,6.0,23,2.0
2012-W24,88,2012-06-11,2012.0,6.0,24,2.0
2012-W25,129,2012-06-18,2012.0,6.0,25,2.0
2012-W26,151,2012-06-25,2012.0,6.0,26,2.0
2012-W27,140,2012-07-02,2012.0,7.0,27,3.0
2012-W28,132,2012-07-09,2012.0,7.0,28,3.0
2012-W29,125,2012-07-16,2012.0,7.0,29,3.0
2012-W30,110,2012-07-23,2012.0,7.0,30,3.0
2012-W31,94,2012-07-30,2012.0,7.0,31,3.0
2012-W32,127,2012-08-06,2012.0,8.0,32,3.0
2012-W33,115,2012-08-13,2012.0,8.0,33,3.0
2012-W34,92,2012-08-20,2012.0,8.0,34,3.0
2012-W35,102,2012-08-27,2012.0,8.0,35,3.0
2012-W36,76,2012-09-03,2012.0,9.0,36,3.0
2012-W37,74,2012-09-10,2012.0,9.0,37,3.0
2012-W38,72,2012-09-17,2012.0,9.0,38,3.0
2012-W39,100,2012-09-24,2012.0,9.0,39,3.0
2012-W40,104,2012-10-01,2012.0,10.0,40,4.0
2012-W41,123,2012-10-08,2012.0,10.0,41,4.0
2012-W42,105,2012-10-15,2012.0,10.0,42,4.0
2012-W43,84,2012-10-22,2012.0,10.0,43,4.0
2012-W44,104,2012-10-29,2012.0,10.0,44,4.0
2012-W45,100,2012-11-05,2012.0,11.0,45,4.0
2012-W46,88,2012-11-12,2012.0,11.0,46,4.0
2012-W47,100,2012-11-19,2012.0,11.0,47,4.0
2012-W48,80,2012-11-26,2012.0,11.0,48,4.0
2012-W49,78,2012-12-03,2012.0,12.0,49,4.0
2012-W50,105,2012-12-10,2012.0,12.0,50,4.0
2012-W51,94,2012-12-17,2012.0,12.0,51,4.0
2012-W52,112,2012-12-24,2012.0,12.0,52,4.0
2013-W01,134,2012-12-31,2012.0,12.0,1,4.0
2013-W02,205,2013-01-07,2013.0,1.0,2,1.0
2013-W03,219,2013-01-14,2013.0,1.0,3,1.0
2013-W04,267,2013-01-21,2013.0,1.0,4,1.0
2013-W05,293,2013-01-28,2013.0,1.0,5,1.0
2013-W06,322,2013-02-04,2013.0,2.0,6,1.0
2013-W07,247,2013-02-11,2013.0,2.0,7,1.0
2013-W08,296,2013-02-18,2013.0,2.0,8,1.0
2013-W09,249,2013-02-25,2013.0,2.0,9,1.0
2013-W10,273,2013-03-04,2013.0,3.0,10,1.0
2013-W11,308,2013-03-11,2013.0,3.0,11,1.0
2013-W12,307,2013-03-18,2013.0,3.0,12,1.0
2013-W13,316,2013-03-25,2013.0,3.0,13,1.0
2013-W14,406,2013-04-01,2013.0,4.0,14,2.0
2013-W15,492,2013-04-08,2013.0,4.0,15,2.0
2013-W16,509,2013-04-15,2013.0,4.0,16,2.0
2013-W17,538,2013-04-22,2013.0,4.0,17,2.0
2013-W18,547,2013-04-29,2013.0,4.0,18,2.0
2013-W19,558,2013-05-06,2013.0,5.0,19,2.0
2013-W20,611,2013-05-13,2013.0,5.0,20,2.0
2013-W21,640,2013-05-20,2013.0,5.0,21,2.0
2013-W22,746,2013-05-27,2013.0,5.0,22,2.0
2013-W23,814,2013-06-03,2013.0,6.0,23,2.0
2013-W24,809,2013-06-10,2013.0,6.0,24,2.0
2013-W25,842,2013-06-17,2013.0,6.0,25,2.0
2013-W26,806,2013-06-24,2013.0,6.0,26,2.0
2013-W27,678,2013-07-01,2013.0,7.0,27,3.0
2013-W28,541,2013-07-08,2013.0,7.0,28,3.0
2013-W29,390,2013-07-15,2013.0,7.0,29,3.0
2013-W30,306,2013-07-22,2013.0,7.0,30,3.0
2013-W31,289,2013-07-29,2013.0,7.0,31,3.0
2013-W32,256,2013-08-05,2013.0,8.0,32,3.0
2013-W33,378,2013-08-12,2013.0,8.0,33,3.0
2013-W34,341,2013-08-19,2013.0,8.0,34,3.0
2013-W35,386,2013-08-26,2013.0,8.0,35,3.0
2013-W36,452,2013-09-02,2013.0,9.0,36,3.0
2013-W37,339,2013-09-09,2013.0,9.0,37,3.0
2013-W38,376,2013-09-16,2013.0,9.0,38,3.0
2013-W39,406,2013-09-23,2013.0,9.0,39,3.0
2013-W40,441,2013-09-30,2013.0,9.0,40,3.0
2013-W41,438,2013-10-07,2013.0,10.0,41,4.0
2013-W42,374,2013-10-14,2013.0,10.0,42,4.0
2013-W43,495,2013-10-21,2013.0,10.0,43,4.0
2013-W44,458,2013-10-28,2013.0,10.0,44,4.0
2013-W45,402,2013-11-04,2013.0,11.0,45,4.0
2013-W46,444,2013-11-11,2013.0,11.0,46,4.0
2013-W47,365,2013-11-18,2013.0,11.0,47,4.0
2013-W48,372,2013-11-25,2013.0,11.0,48,4.0
2013-W49,347,2013-12-02,2013.0,12.0,49,4.0
2013-W50,381,2013-12-09,2013.0,12.0,50,4.0
2013-W51,371,2013-12-16,2013.0,12.0,51,4.0
2013-W52,414,2013-12-23,2013.0,12.0,52,4.0
2014-W01,437,2013-12-30,2013.0,12.0,1,4.0
2014-W02,479,2014-01-06,2014.0,1.0,2,1.0
2014-W03,401,2014-01-13,2014.0,1.0,3,1.0
2014-W04,336,2014-01-20,2014.0,1.0,4,1.0
2014-W05,234,2014-01-27,2014.0,1.0,5,1.0
2014-W06,274,2014-02-03,2014.0,2.0,6,1.0
2014-W07,369,2014-02-10,2014.0,2.0,7,1.0
2014-W08,194,2014-02-17,2014.0,2.0,8,1.0
2014-W09,187,2014-02-24,2014.0,2.0,9,1.0
2014-W10,210,2014-03-03,2014.0,3.0,10,1.0
2014-W11,225,2014-03-10,2014.0,3.0,11,1.0
2014-W12,210,2014-03-17,2014.0,3.0,12,1.0
2014-W13,225,2014-03-24,2014.0,3.0,13,1.0
2014-W14,240,2014-03-31,2014.0,3.0,14,1.0
2014-W15,245,2014-04-07,2014.0,4.0,15,2.0
2014-W16,235,2014-04-14,2014.0,4.0,16,2.0
2014-W17,282,2014-04-21,2014.0,4.0,17,2.0
2014-W18,251,2014-04-28,2014.0,4.0,18,2.0
2014-W19,261,2014-05-05,2014.0,5.0,19,2.0
2014-W20,291,2014-05-12,2014.0,5.0,20,2.0
2014-W21,428,2014-05-19,2014.0,5.0,21,2.0
2014-W22,456,2014-05-26,2014.0,5.0,22,2.0
2014-W23,459,2014-06-02,2014.0,6.0,23,2.0
2014-W24,506,2014-06-09,2014.0,6.0,24,2.0
2014-W25,551,2014-06-16,2014.0,6.0,25,2.0
2014-W26,671,2014-06-23,2014.0,6.0,26,2.0
2014-W27,891,2014-06-30,2014.0,6.0,27,2.0
2014-W28,819,2014-07-07,2014.0,7.0,28,3.0
2014-W29,746,2014-07-14,2014.0,7.0,29,3.0
2014-W30,634,2014-07-21,2014.0,7.0,30,3.0
2014-W31,484,2014-07-28,2014.0,7.0,31,3.0
2014-W32,545,2014-08-04,2014.0,8.0,32,3.0
2014-W33,438,2014-08-11,2014.0,8.0,33,3.0
2014-W34,418,2014-08-18,2014.0,8.0,34,3.0
2014-W35,367,2014-08-25,2014.0,8.0,35,3.0
2014-W36,339,2014-09-01,2014.0,9.0,36,3.0
2014-W37,362,2014-09-08,2014.0,9.0,37,3.0
2014-W38,397,2014-09-15,2014.0,9.0,38,3.0
2014-W39,345,2014-09-22,2014.0,9.0,39,3.0
2014-W40,339,2014-09-29,2014.0,9.0,40,3.0
2014-W41,278,2014-10-06,2014.0,10.0,41,4.0
2014-W42,297,2014-10-13,2014.0,10.0,42,4.0
2014-W43,213,2014-10-20,2014.0,10.0,43,4.0
2014-W44,186,2014-10-27,2014.0,10.0,44,4.0
2014-W45,169,2014-11-03,2014.0,11.0,45,4.0
2014-W46,158,2014-11-10,2014.0,11.0,46,4.0
2014-W47,149,2014-11-17,2014.0,11.0,47,4.0
2014-W48,162,2014-11-24,2014.0,11.0,48,4.0
2014-W49,212,2014-12-01,2014.0,12.0,49,4.0
2014-W50,177,2014-12-08,2014.0,12.0,50,4.0
2014-W51,198,2014-12-15,2014.0,12.0,51,4.0
2014-W52,188,2014-12-22,2014.0,12.0,52,4.0
2015-W01,257,2014-12-29,2014.0,12.0,1,4.0
2015-W02,228,2015-01-05,2015.0,1.0,2,1.0
2015-W03,237,2015-01-12,2015.0,1.0,3,1.0
2015-W04,259,2015-01-19,2015.0,1.0,4,1.0
2015-W05,212,2015-01-26,2015.0,1.0,5,1.0
2015-W06,173,2015-02-02,2015.0,2.0,6,1.0
2015-W07,100,2015-02-09,2015.0,2.0,7,1.0
2015-W08,172,2015-02-16,2015.0,2.0,8,1.0
2015-W09,190,2015-02-23,2015.0,2.0,9,1.0
2015-W10,110,2015-03-02,2015.0,3.0,10,1.0
2015-W11,91,2015-03-09,2015.0,3.0,11,1.0
2015-W12,130,2015-03-16,2015.0,3.0,12,1.0
2015-W13,91,2015-03-23,2015.0,3.0,13,1.0
2015-W14,107,2015-03-30,2015.0,3.0,14,1.0
2015-W15,137,2015-04-06,2015.0,4.0,15,2.0
2015-W16,113,2015-04-13,2015.0,4.0,16,2.0
2015-W17,120,2015-04-20,2015.0,4.0,17,2.0
2015-W18,135,2015-04-27,2015.0,4.0,18,2.0
2015-W19,158,2015-05-04,2015.0,5.0,19,2.0
2015-W20,109,2015-05-11,2015.0,5.0,20,2.0
2015-W21,180,2015-05-18,2015.0,5.0,21,2.0
2015-W22,152,2015-05-25,2015.0,5.0,22,2.0
2015-W23,193,2015-06-01,2015.0,6.0,23,2.0
2015-W24,207,2015-06-08,2015.0,6.0,24,2.0
2015-W25,240,2015-06-15,2015.0,6.0,25,2.0
2015-W26,242,2015-06-22,2015.0,6.0,26,2.0
2015-W27,272,2015-06-29,2015.0,6.0,27,2.0
2015-W28,263,2015-07-06,2015.0,7.0,28,3.0
2015-W29,293,2015-07-13,2015.0,7.0,29,3.0
2015-W30,250,2015-07-20,2015.0,7.0,30,3.0
2015-W31,226,2015-07-27,2015.0,7.0,31,3.0
2015-W32,221,2015-08-03,2015.0,8.0,32,3.0
2015-W33,250,2015-08-10,2015.0,8.0,33,3.0
2015-W34,225,2015-08-17,2015.0,8.0,34,3.0
2015-W35,246,2015-08-24,2015.0,8.0,35,3.0
2015-W36,217,2015-08-31,2015.0,8.0,36,3.0
2015-W37,303,2015-09-07,2015.0,9.0,37,3.0
2015-W38,214,2015-09-14,2015.0,9.0,38,3.0
2015-W39,257,2015-09-21,2015.0,9.0,39,3.0
2015-W40,235,2015-09-28,2015.0,9.0,40,3.0
2015-W41,235,2015-10-05,2015.0,10.0,41,4.0
2015-W42,224,2015-10-12,2015.0,10.0,42,4.0
2015-W43,246,2015-10-19,2015.0,10.0,43,4.0
2015-W44,266,2015-10-26,2015.0,10.0,44,4.0
2015-W45,198,2015-11-02,2015.0,11.0,45,4.0
2015-W46,254,2015-11-09,2015.0,11.0,46,4.0
2015-W47,286,2015-11-16,2015.0,11.0,47,4.0
2015-W48,259,2015-11-23,2015.0,11.0,48,4.0
2015-W49,357,2015-11-30,2015.0,11.0,49,4.0
2015-W50,333,2015-12-07,2015.0,12.0,50,4.0
2015-W51,372,2015-12-14,2015.0,12.0,51,4.0
2015-W52,458,2015-12-21,2015.0,12.0,52,4.0
2016-W01,549,2016-01-04,2016.0,1.0,1,1.0
2016-W02,628,2016-01-11,2016.0,1.0,2,1.0
2016-W03,636,2016-01-18,2016.0,1.0,3,1.0
2016-W04,630,2016-01-25,2016.0,1.0,4,1.0
2016-W05,530,2016-02-01,2016.0,2.0,5,1.0
2016-W06,420,2016-02-08,2016.0,2.0,6,1.0
2016-W07,593,2016-02-15,2016.0,2.0,7,1.0
2016-W08,512,2016-02-22,2016.0,2.0,8,1.0
2016-W09,412,2016-02-29,2016.0,2.0,9,1.0
2016-W10,397,2016-03-07,2016.0,3.0,10,1.0
2016-W11,374,2016-03-14,2016.0,3.0,11,1.0
2016-W12,308,2016-03-21,2016.0,3.0,12,1.0
2016-W13,377,2016-03-28,2016.0,3.0,13,1.0
2016-W14,292,2016-04-04,2016.0,4.0,14,2.0
2016-W15,225,2016-04-11,2016.0,4.0,15,2.0
2016-W16,231,2016-04-18,2016.0,4.0,16,2.0
2016-W17,244,2016-04-25,2016.0,4.0,17,2.0
2016-W18,181,2016-05-02,2016.0,5.0,18,2.0
2016-W19,217,2016-05-09,2016.0,5.0,19,2.0
2016-W20,212,2016-05-16,2016.0,5.0,20,2.0
2016-W21,198,2016-05-23,2016.0,5.0,21,2.0
2016-W22,220,2016-05-30,2016.0,5.0,22,2.0
2016-W23,160,2016-06-06,2016.0,6.0,23,2.0
2016-W24,193,2016-06-13,2016.0,6.0,24,2.0
2016-W25,215,2016-06-20,2016.0,6.0,25,2.0
2016-W26,234,2016-06-27,2016.0,6.0,26,2.0
2016-W27,247,2016-07-04,2016.0,7.0,27,3.0
2016-W28,223,2016-07-11,2016.0,7.0,28,3.0
2016-W29,266,2016-07-18,2016.0,7.0,29,3.0
2016-W30,222,2016-07-25,2016.0,7.0,30,3.0
2016-W31,211,2016-08-01,2016.0,8.0,31,3.0
2016-W32,198,2016-08-08,2016.0,8.0,32,3.0
2016-W33,222,2016-08-15,2016.0,8.0,33,3.0
2016-W34,274,2016-08-22,2016.0,8.0,34,3.0
2016-W35,311,2016-08-29,2016.0,8.0,35,3.0
2016-W36,242,2016-09-05,2016.0,9.0,36,3.0
2016-W37,174,2016-09-12,2016.0,9.0,37,3.0
2016-W38,173,2016-09-19,2016.0,9.0,38,3.0
2016-W39,138,2016-09-26,2016.0,9.0,39,3.0
2016-W40,125,2016-10-03,2016.0,10.0,40,4.0
2016-W41,94,2016-10-10,2016.0,10.0,41,4.0
2016-W42,108,2016-10-17,2016.0,10.0,42,4.0
2016-W43,84,2016-10-24,2016.0,10.0,43,4.0
2016-W44,86,2016-10-31,2016.0,10.0,44,4.0
2016-W45,84,2016-11-07,2016.0,11.0,45,4.0
2016-W46,72,2016-11-14,2016.0,11.0,46,4.0
2016-W47,75,2016-11-21,2016.0,11.0,47,4.0
2016-W48,86,2016-11-28,2016.0,11.0,48,4.0
2016-W49,59,2016-12-05,2016.0,12.0,49,4.0
2016-W50,81,2016-12-12,2016.0,12.0,50,4.0
2016-W51,72,2016-12-19,2016.0,12.0,51,4.0
2016-W52,64,2016-12-26,2016.0,12.0,52,4.0
2017-W01,70,2017-01-02,2017.0,1.0,1,1.0
2017-W02,91,2017-01-09,2017.0,1.0,2,1.0
2017-W03,75,2017-01-16,2017.0,1.0,3,1.0
2017-W04,66,2017-01-23,2017.0,1.0,4,1.0
2017-W05,62,2017-01-30,2017.0,1.0,5,1.0
2017-W06,77,2017-02-06,2017.0,2.0,6,1.0
2017-W07,53,2017-02-13,2017.0,2.0,7,1.0
2017-W08,54,2017-02-20,2017.0,2.0,8,1.0
2017-W09,41,2017-02-27,2017.0,2.0,9,1.0
2017-W10,32,2017-03-06,2017.0,3.0,10,1.0
2017-W11,35,2017-03-13,2017.0,3.0,11,1.0
2017-W12,32,2017-03-20,2017.0,3.0,12,1.0
2017-W13,50,2017-03-27,2017.0,3.0,13,1.0
2017-W14,37,2017-04-03,2017.0,4.0,14,2.0
2017-W15,32,2017-04-10,2017.0,4.0,15,2.0
2017-W16,51,2017-04-17,2017.0,4.0,16,2.0
2017-W17,37,2017-04-24,2017.0,4.0,17,2.0
2017-W18,42,2017-05-01,2017.0,5.0,18,2.0
2017-W19,48,2017-05-08,2017.0,5.0,19,2.0
2017-W20,50,2017-05-15,2017.0,5.0,20,2.0
2017-W21,50,2017-05-22,2017.0,5.0,21,2.0
2017-W22,66,2017-05-29,2017.0,5.0,22,2.0
2017-W23,62,2017-06-05,2017.0,6.0,23,2.0
2017-W24,80,2017-06-12,2017.0,6.0,24,2.0
2017-W25,73,2017-06-19,2017.0,6.0,25,2.0
2017-W26,75,2017-06-26,2017.0,6.0,26,2.0
2017-W27,63,2017-07-03,2017.0,7.0,27,3.0
2017-W28,53,2017-07-10,2017.0,7.0,28,3.0
2017-W29,51,2017-07-17,2017.0,7.0,29,3.0
2017-W30,67,2017-07-24,2017.0,7.0,30,3.0
2017-W31,60,2017-07-31,2017.0,7.0,31,3.0
2017-W32,56,2017-08-07,2017.0,8.0,32,3.0
2017-W33,53,2017-08-14,2017.0,8.0,33,3.0
2017-W34,52,2017-08-21,2017.0,8.0,34,3.0
2017-W35,33,2017-08-28,2017.0,8.0,35,3.0
2017-W36,40,2017-09-04,2017.0,9.0,36,3.0
2017-W37,53,2017-09-11,2017.0,9.0,37,3.0
2017-W38,59,2017-09-18,2017.0,9.0,38,3.0
2017-W39,39,2017-09-25,2017.0,9.0,39,3.0
2017-W40,52,2017-10-02,2017.0,10.0,40,4.0
2017-W41,55,2017-10-09,2017.0,10.0,41,4.0
2017-W42,63,2017-10-16,2017.0,10.0,42,4.0
2017-W43,77,2017-10-23,2017.0,10.0,43,4.0
2017-W44,62,2017-10-30,2017.0,10.0,44,4.0
2017-W45,44,2017-11-06,2017.0,11.0,45,4.0
2017-W46,50,2017-11-13,2017.0,11.0,46,4.0
2017-W47,24,2017-11-20,2017.0,11.0,47,4.0
2017-W48,38,2017-11-27,2017.0,11.0,48,4.0
2017-W49,34,2017-12-04,2017.0,12.0,49,4.0
2017-W50,40,2017-12-11,2017.0,12.0,50,4.0
2017-W51,51,2017-12-18,2017.0,12.0,51,4.0
2017-W52,66,2017-12-25,2017.0,12.0,52,4.0
2018-W01,83,2018-01-01,2018.0,1.0,1,1.0
2018-W02,68,2018-01-08,2018.0,1.0,2,1.0
2018-W03,54,2018-01-15,2018.0,1.0,3,1.0
2018-W04,45,2018-01-22,2018.0,1.0,4,1.0
2018-W05,48,2018-01-29,2018.0,1.0,5,1.0
2018-W06,50,2018-02-05,2018.0,2.0,6,1.0
2018-W07,28,2018-02-12,2018.0,2.0,7,1.0
2018-W08,39,2018-02-19,2018.0,2.0,8,1.0
2018-W09,51,2018-02-26,2018.0,2.0,9,1.0
2018-W10,37,2018-03-05,2018.0,3.0,10,1.0
2018-W11,39,2018-03-12,2018.0,3.0,11,1.0
2018-W12,36,2018-03-19,2018.0,3.0,12,1.0
2018-W13,24,2018-03-26,2018.0,3.0,13,1.0
2018-W14,38,2018-04-02,2018.0,4.0,14,2.0
2018-W15,38,2018-04-09,2018.0,4.0,15,2.0
2018-W16,56,2018-04-16,2018.0,4.0,16,2.0
2018-W17,56,2018-04-23,2018.0,4.0,17,2.0
2018-W18,77,2018-04-30,2018.0,4.0,18,2.0
2018-W19,62,2018-05-07,2018.0,5.0,19,2.0
2018-W20,64,2018-05-14,2018.0,5.0,20,2.0
2018-W21,65,2018-05-21,2018.0,5.0,21,2.0
2018-W22,54,2018-05-28,2018.0,5.0,22,2.0
2018-W23,75,2018-06-04,2018.0,6.0,23,2.0
2018-W24,55,2018-06-11,2018.0,6.0,24,2.0
2018-W25,61,2018-06-18,2018.0,6.0,25,2.0
2018-W26,76,2018-06-25,2018.0,6.0,26,2.0
2018-W27,58,2018-07-02,2018.0,7.0,27,3.0
2018-W28,44,2018-07-09,2018.0,7.0,28,3.0
2018-W29,41,2018-07-16,2018.0,7.0,29,3.0
2018-W30,56,2018-07-23,2018.0,7.0,30,3.0
2018-W31,51,2018-07-30,2018.0,7.0,31,3.0
2018-W32,59,2018-08-06,2018.0,8.0,32,3.0
2018-W33,43,2018-08-13,2018.0,8.0,33,3.0
2018-W34,68,2018-08-20,2018.0,8.0,34,3.0
2018-W35,75,2018-08-27,2018.0,8.0,35,3.0
2018-W36,76,2018-09-03,2018.0,9.0,36,3.0
2018-W37,49,2018-09-10,2018.0,9.0,37,3.0
2018-W38,63,2018-09-17,2018.0,9.0,38,3.0
2018-W39,40,2018-09-24,2018.0,9.0,39,3.0
2018-W40,51,2018-10-01,2018.0,10.0,40,4.0
2018-W41,51,2018-10-08,2018.0,10.0,41,4.0
2018-W42,62,2018-10-15,2018.0,10.0,42,4.0
2018-W43,78,2018-10-22,2018.0,10.0,43,4.0
2018-W44,75,2018-10-29,2018.0,10.0,44,4.0
2018-W45,71,2018-11-05,2018.0,11.0,45,4.0
2018-W46,78,2018-11-12,2018.0,11.0,46,4.0
2018-W47,97,2018-11-19,2018.0,11.0,47,4.0
2018-W48,109,2018-11-26,2018.0,11.0,48,4.0
2018-W49,115,2018-12-03,2018.0,12.0,49,4.0
2018-W50,108,2018-12-10,2018.0,12.0,50,4.0
2018-W51,128,2018-12-17,2018.0,12.0,51,4.0
2018-W52,160,2018-12-24,2018.0,12.0,52,4.0
2019-W01,207,2018-12-31,2018.0,12.0,1,4.0
2019-W02,245,2019-01-07,2019.0,1.0,2,1.0
2019-W03,215,2019-01-14,2019.0,1.0,3,1.0
2019-W04,222,2019-01-21,2019.0,1.0,4,1.0
2019-W05,182,2019-01-28,2019.0,1.0,5,1.0
2019-W06,138,2019-02-04,2019.0,2.0,6,1.0
2019-W07,235,2019-02-11,2019.0,2.0,7,1.0
2019-W08,182,2019-02-18,2019.0,2.0,8,1.0
2019-W09,157,2019-02-25,2019.0,2.0,9,1.0
2019-W10,134,2019-03-04,2019.0,3.0,10,1.0
2019-W11,109,2019-03-11,2019.0,3.0,11,1.0
2019-W12,97,2019-03-18,2019.0,3.0,12,1.0
2019-W13,100,2019-03-25,2019.0,3.0,13,1.0
2019-W14,108,2019-04-01,2019.0,4.0,14,2.0
2019-W15,125,2019-04-08,2019.0,4.0,15,2.0
2019-W16,135,2019-04-15,2019.0,4.0,16,2.0
2019-W17,157,2019-04-22,2019.0,4.0,17,2.0
2019-W18,194,2019-04-29,2019.0,4.0,18,2.0
2019-W19,287,2019-05-06,2019.0,5.0,19,2.0
2019-W20,309,2019-05-13,2019.0,5.0,20,2.0
2019-W21,378,2019-05-20,2019.0,5.0,21,2.0
2019-W22,401,2019-05-27,2019.0,5.0,22,2.0
2019-W23,400,2019-06-03,2019.0,6.0,23,2.0
2019-W24,467,2019-06-10,2019.0,6.0,24,2.0
2019-W25,433,2019-06-17,2019.0,6.0,25,2.0
2019-W26,497,2019-06-24,2019.0,6.0,26,2.0
2019-W27,593,2019-07-01,2019.0,7.0,27,3.0
2019-W28,663,2019-07-08,2019.0,7.0,28,3.0
2019-W29,646,2019-07-15,2019.0,7.0,29,3.0
2019-W30,605,2019-07-22,2019.0,7.0,30,3.0
2019-W31,599,2019-07-29,2019.0,7.0,31,3.0
2019-W32,523,2019-08-05,2019.0,8.0,32,3.0
2019-W33,524,2019-08-12,2019.0,8.0,33,3.0
2019-W34,474,2019-08-19,2019.0,8.0,34,3.0
2019-W35,414,2019-08-26,2019.0,8.0,35,3.0
2019-W36,327,2019-09-02,2019.0,9.0,36,3.0
2019-W37,317,2019-09-09,2019.0,9.0,37,3.0
2019-W38,301,2019-09-16,2019.0,9.0,38,3.0
2019-W39,261,2019-09-23,2019.0,9.0,39,3.0
2019-W40,246,2019-09-30,2019.0,9.0,40,3.0
2019-W41,227,2019-10-07,2019.0,10.0,41,4.0
2019-W42,239,2019-10-14,2019.0,10.0,42,4.0
2019-W43,242,2019-10-21,2019.0,10.0,43,4.0
2019-W44,308,2019-10-28,2019.0,10.0,44,4.0
2019-W45,322,2019-11-04,2019.0,11.0,45,4.0
2019-W46,373,2019-11-11,2019.0,11.0,46,4.0
2019-W47,331,2019-11-18,2019.0,11.0,47,4.0
2019-W48,295,2019-11-25,2019.0,11.0,48,4.0
2019-W49,281,2019-12-02,2019.0,12.0,49,4.0
2019-W50,257,2019-12-09,2019.0,12.0,50,4.0
2019-W51,226,2019-12-16,2019.0,12.0,51,4.0
2019-W52,290,2019-12-23,2019.0,12.0,52,4.0
2020-W01,303,2019-12-30,2019.0,12.0,1,4.0
2020-W02,343,2020-01-06,2020.0,1.0,2,1.0
2020-W03,404,2020-01-13,2020.0,1.0,3,1.0
2020-W04,309,2020-01-20,2020.0,1.0,4,1.0
2020-W05,370,2020-01-27,2020.0,1.0,5,1.0
2020-W06,400,2020-02-03,2020.0,2.0,6,1.0
2020-W07,380,2020-02-10,2020.0,2.0,7,1.0
2020-W08,381,2020-02-17,2020.0,2.0,8,1.0
2020-W09,374,2020-02-24,2020.0,2.0,9,1.0
2020-W10,375,2020-03-02,2020.0,3.0,10,1.0
2020-W11,389,2020-03-09,2020.0,3.0,11,1.0
2020-W12,368,2020-03-16,2020.0,3.0,12,1.0
2020-W13,377,2020-03-23,2020.0,3.0,13,1.0
2020-W14,315,2020-03-30,2020.0,3.0,14,1.0
2020-W15,343,2020-04-06,2020.0,4.0,15,2.0
2020-W16,360,2020-04-13,2020.0,4.0,16,2.0
2020-W17,400,2020-04-20,2020.0,4.0,17,2.0
2020-W18,390,2020-04-27,2020.0,4.0,18,2.0
2020-W19,507,2020-05-04,2020.0,5.0,19,2.0
2020-W20,526,2020-05-11,2020.0,5.0,20,2.0
2020-W21,619,2020-05-18,2020.0,5.0,21,2.0
2020-W22,732,2020-05-25,2020.0,5.0,22,2.0
2020-W23,868,2020-06-01,2020.0,6.0,23,2.0
2020-W24,1153,2020-06-08,2020.0,6.0,24,2.0
2020-W25,1371,2020-06-15,2020.0,6.0,25,2.0
2020-W26,1460,2020-06-22,2020.0,6.0,26,2.0
2020-W27,1448,2020-06-29,2020.0,6.0,27,2.0
2020-W28,1667,2020-07-06,2020.0,7.0,28,3.0
2020-W29,1729,2020-07-13,2020.0,7.0,29,3.0
2020-W30,1792,2020-07-20,2020.0,7.0,30,3.0
2020-W31,1378,2020-07-27,2020.0,7.0,31,3.0
2020-W32,1667,2020-08-03,2020.0,8.0,32,3.0
2020-W33,1339,2020-08-10,2020.0,8.0,33,3.0
2020-W34,1287,2020-08-17,2020.0,8.0,34,3.0
2020-W35,1154,2020-08-24,2020.0,8.0,35,3.0
2020-W36,938,2020-08-31,2020.0,8.0,36,3.0
2020-W37,725,2020-09-07,2020.0,9.0,37,3.0
2020-W38,671,2020-09-14,2020.0,9.0,38,3.0
2020-W39,591,2020-09-21,2020.0,9.0,39,3.0
2020-W40,605,2020-09-28,2020.0,9.0,40,3.0
2020-W41,529,2020-10-05,2020.0,10.0,41,4.0
2020-W42,592,2020-10-12,2020.0,10.0,42,4.0
2020-W43,565,2020-10-19,2020.0,10.0,43,4.0
2020-W44,440,2020-10-26,2020.0,10.0,44,4.0
2020-W45,408,2020-11-02,2020.0,11.0,45,4.0
2020-W46,355,2020-11-09,2020.0,11.0,46,4.0
2020-W47,258,2020-11-16,2020.0,11.0,47,4.0
2020-W48,279,2020-11-23,2020.0,11.0,48,4.0
2020-W49,228,2020-11-30,2020.0,11.0,49,4.0
2020-W50,227,2020-12-07,2020.0,12.0,50,4.0
2020-W51,236,2020-12-14,2020.0,12.0,51,4.0
2020-W52,196,2020-12-21,2020.0,12.0,52,4.0
2020-W53,194,2020-12-28,2020.0,12.0,53,4.0
2021-W01,194,2021-01-04,2021.0,1.0,1,1.0
2021-W02,166,2021-01-11,2021.0,1.0,2,1.0
2021-W03,152,2021-01-18,2021.0,1.0,3,1.0
2021-W04,135,2021-01-25,2021.0,1.0,4,1.0
2021-W05,141,2021-02-01,2021.0,2.0,5,1.0
2021-W06,143,2021-02-08,2021.0,2.0,6,1.0
2021-W07,148,2021-02-15,2021.0,2.0,7,1.0
2021-W08,146,2021-02-22,2021.0,2.0,8,1.0
2021-W09,140,2021-03-01,2021.0,3.0,9,1.0
2021-W10,145,2021-03-08,2021.0,3.0,10,1.0
2021-W11,129,2021-03-15,2021.0,3.0,11,1.0
2021-W12,120,2021-03-22,2021.0,3.0,12,1.0
2021-W13,113,2021-03-29,2021.0,3.0,13,1.0
2021-W14,102,2021-04-05,2021.0,4.0,14,2.0
2021-W15,112,2021-04-12,2021.0,4.0,15,2.0
2021-W16,129,2021-04-19,2021.0,4.0,16,2.0
2021-W17,84,2021-04-26,2021.0,4.0,17,2.0
2021-W18,117,2021-05-03,2021.0,5.0,18,2.0
2021-W19,92,2021-05-10,2021.0,5.0,19,2.0
2021-W20,119,2021-05-17,2021.0,5.0,20,2.0
2021-W21,130,2021-05-24,2021.0,5.0,21,2.0
2021-W22,118,2021-05-31,2021.0,5.0,22,2.0
2021-W23,137,2021-06-07,2021.0,6.0,23,2.0
2021-W24,135,2021-06-14,2021.0,6.0,24,2.0
2021-W25,127,2021-06-21,2021.0,6.0,25,2.0
2021-W26,112,2021-06-28,2021.0,6.0,26,2.0
2021-W27,104,2021-07-05,2021.0,7.0,27,3.0
2021-W28,75,2021-07-12,2021.0,7.0,28,3.0
2021-W29,80,2021-07-19,2021.0,7.0,29,3.0
2021-W30,82,2021-07-26,2021.0,7.0,30,3.0
2021-W31,70,2021-08-02,2021.0,8.0,31,3.0
2021-W32,81,2021-08-09,2021.0,8.0,32,3.0
2021-W33,56,2021-08-16,2021.0,8.0,33,3.0
2021-W34,53,2021-08-23,2021.0,8.0,34,3.0
2021-W35,46,2021-08-30,2021.0,8.0,35,3.0
2021-W36,61,2021-09-06,2021.0,9.0,36,3.0
2021-W37,74,2021-09-13,2021.0,9.0,37,3.0
2021-W38,110,2021-09-20,2021.0,9.0,38,3.0
2021-W39,105,2021-09-27,2021.0,9.0,39,3.0
2021-W40,104,2021-10-04,2021.0,10.0,40,4.0
2021-W41,85,2021-10-11,2021.0,10.0,41,4.0
2021-W42,76,2021-10-18,2021.0,10.0,42,4.0
2021-W43,75,2021-10-25,2021.0,10.0,43,4.0
2021-W44,59,2021-11-01,2021.0,11.0,44,4.0
2021-W45,42,2021-11-08,2021.0,11.0,45,4.0
2021-W46,56,2021-11-15,2021.0,11.0,46,4.0
2021-W47,63,2021-11-22,2021.0,11.0,47,4.0
2021-W48,48,2021-11-29,2021.0,11.0,48,4.0
2021-W49,65,2021-12-06,2021.0,12.0,49,4.0
2021-W50,61,2021-12-13,2021.0,12.0,50,4.0
2021-W51,68,2021-12-20,2021.0,12.0,51,4.0
2021-W52,79,2021-12-27,2021.0,12.0,52,4.0
2022-W01,106,2022-01-03,2022.0,1.0,1,1.0
2022-W02,146,2022-01-10,2022.0,1.0,2,1.0
2022-W03,180,2022-01-17,2022.0,1.0,3,1.0
2022-W04,171,2022-01-24,2022.0,1.0,4,1.0
2022-W05,154,2022-01-31,2022.0,1.0,5,1.0
2022-W06,169,2022-02-07,2022.0,2.0,6,1.0
2022-W07,206,2022-02-14,2022.0,2.0,7,1.0
2022-W08,201,2022-02-21,2022.0,2.0,8,1.0
2022-W09,263,2022-02-28,2022.0,2.0,9,1.0
2022-W10,369,2022-03-07,2022.0,3.0,10,1.0
2022-W11,421,2022-03-14,2022.0,3.0,11,1.0
2022-W12,441,2022-03-21,2022.0,3.0,12,1.0
2022-W13,510,2022-03-28,2022.0,3.0,13,1.0
2022-W14,643,2022-04-04,2022.0,4.0,14,2.0
2022-W15,734,2022-04-11,2022.0,4.0,15,2.0
2022-W16,942,2022-04-18,2022.0,4.0,16,2.0
2022-W17,1003,2022-04-25,2022.0,4.0,17,2.0
2022-W18,846,2022-05-02,2022.0,5.0,18,2.0
2022-W19,1315,2022-05-09,2022.0,5.0,19,2.0
2022-W20,1276,2022-05-16,2022.0,5.0,20,2.0
2022-W21,1567,2022-05-23,2022.0,5.0,21,2.0
2022-W22,1454,2022-05-30,2022.0,5.0,22,2.0
2022-W23,1460,2022-06-06,2022.0,6.0,23,2.0
2022-W24,1254,2022-06-13,2022.0,6.0,24,2.0
2022-W25,1172,2022-06-20,2022.0,6.0,25,2.0
2022-W26,1187,2022-06-27,2022.0,6.0,26,2.0
2022-W27,1164,2022-07-04,2022.0,7.0,27,3.0
2022-W28,918,2022-07-11,2022.0,7.0,28,3.0
2022-W29,1036,2022-07-18,2022.0,7.0,29,3.0
2022-W30,1092,2022-07-25,2022.0,7.0,30,3.0
2022-W31,896,2022-08-01,2022.0,8.0,31,3.0
2022-W32,879,2022-08-08,2022.0,8.0,32,3.0
2022-W33,679,2022-08-15,2022.0,8.0,33,3.0
2022-W34,662,2022-08-22,2022.0,8.0,34,3.0
2022-W35,581,2022-08-29,2022.0,8.0,35,3.0
2022-W36,570,2022-09-05,2022.0,9.0,36,3.0
2022-W37,544,2022-09-12,2022.0,9.0,37,3.0
2022-W38,472,2022-09-19,2022.0,9.0,38,3.0
2022-W39,426,2022-09-26,2022.0,9.0,39,3.0
2022-W40,397,2022-10-03,2022.0,10.0,40,4.0
2022-W41,376,2022-10-10,2022.0,10.0,41,4.0
2022-W42,373,2022-10-17,2022.0,10.0,42,4.0
2022-W43,314,2022-10-24,2022.0,10.0,43,4.0
2022-W44,318,2022-10-31,2022.0,10.0,44,4.0
2022-W45,294,2022-11-07,2022.0,11.0,45,4.0
2022-W46,315,2022-11-14,2022.0,11.0,46,4.0
2022-W47,265,2022-11-21,2022.0,11.0,47,4.0
2022-W48,242,2022-11-28,2022.0,11.0,48,4.0
2022-W49,327,2022-12-05,2022.0,12.0,49,4.0
2022-W50,290,2022-12-12,2022.0,12.0,50,4.0
2022-W51,270,2022-12-19,2022.0,12.0,51,4.0
2022-W52,285,2022-12-26,2022.0,12.0,52,4.0
2014-W53,158,,,,,
